Ne,path,training_labels
841352.2871056664,/sietch_colab/data_share/popgenDL_crashcourse/sims/sims_1721921908_pos.npy,training
687189.4129170915,/sietch_colab/data_share/popgenDL_crashcourse/sims/sims_3429900482_pos.npy,training
778880.0073311898,/sietch_colab/data_share/popgenDL_crashcourse/sims/sims_3906659713_pos.npy,training
979745.246505762,/sietch_colab/data_share/popgenDL_crashcourse/sims/sims_3528608212_pos.npy,training
597455.1621506897,/sietch_colab/data_share/popgenDL_crashcourse/sims/sims_3022260345_pos.npy,training
948817.6714894045,/sietch_colab/data_share/popgenDL_crashcourse/sims/sims_375155304_pos.npy,training
377259.40762922494,/sietch_colab/data_share/popgenDL_crashcourse/sims/sims_189309429_pos.npy,training
301273.5852563758,/sietch_colab/data_share/popgenDL_crashcourse/sims/sims_2445755870_pos.npy,training
983183.1057955041,/sietch_colab/data_share/popgenDL_crashcourse/sims/sims_2765106781_pos.npy,training
418288.48956048646,/sietch_colab/data_share/popgenDL_crashcourse/sims/sims_3372276690_pos.npy,training
614883.4828320363,/sietch_colab/data_share/popgenDL_crashcourse/sims/sims_2871343137_pos.npy,training
526542.314056592,/sietch_colab/data_share/popgenDL_crashcourse/sims/sims_3868802067_pos.npy,training
149998.83634535054,/sietch_colab/data_share/popgenDL_crashcourse/sims/sims_1637090834_pos.npy,training
921273.4389977566,/sietch_colab/data_share/popgenDL_crashcourse/sims/sims_1969902432_pos.npy,training
930484.8131748032,/sietch_colab/data_share/popgenDL_crashcourse/sims/sims_3180057506_pos.npy,training
920817.4972661186,/sietch_colab/data_share/popgenDL_crashcourse/sims/sims_774612711_pos.npy,training
894179.5849977881,/sietch_colab/data_share/popgenDL_crashcourse/sims/sims_4285634409_pos.npy,training
280109.460184948,/sietch_colab/data_share/popgenDL_crashcourse/sims/sims_1125577382_pos.npy,training
763642.4695349719,/sietch_colab/data_share/popgenDL_crashcourse/sims/sims_3896008847_pos.npy,training
318022.248803586,/sietch_colab/data_share/popgenDL_crashcourse/sims/sims_4016274301_pos.npy,training
10256.501177269669,/sietch_colab/data_share/popgenDL_crashcourse/sims/sims_2684908967_pos.npy,training
466704.9276271685,/sietch_colab/data_share/popgenDL_crashcourse/sims/sims_2730394406_pos.npy,training
634875.554530981,/sietch_colab/data_share/popgenDL_crashcourse/sims/sims_2910044950_pos.npy,training
437326.83694209944,/sietch_colab/data_share/popgenDL_crashcourse/sims/sims_1314802373_pos.npy,training
942958.5757251664,/sietch_colab/data_share/popgenDL_crashcourse/sims/sims_947417473_pos.npy,training
416998.4343839291,/sietch_colab/data_share/popgenDL_crashcourse/sims/sims_2762323671_pos.npy,training
850232.2363951483,/sietch_colab/data_share/popgenDL_crashcourse/sims/sims_3469165025_pos.npy,training
969393.0536114548,/sietch_colab/data_share/popgenDL_crashcourse/sims/sims_3223647691_pos.npy,training
639965.9313227223,/sietch_colab/data_share/popgenDL_crashcourse/sims/sims_1129667199_pos.npy,training
561452.6069668519,/sietch_colab/data_share/popgenDL_crashcourse/sims/sims_2306943418_pos.npy,training
224737.78707354772,/sietch_colab/data_share/popgenDL_crashcourse/sims/sims_2518623612_pos.npy,training
789791.1777325245,/sietch_colab/data_share/popgenDL_crashcourse/sims/sims_825443005_pos.npy,training
526650.1578524152,/sietch_colab/data_share/popgenDL_crashcourse/sims/sims_4098453295_pos.npy,training
143571.86332325867,/sietch_colab/data_share/popgenDL_crashcourse/sims/sims_1731750365_pos.npy,training
883615.9353291305,/sietch_colab/data_share/popgenDL_crashcourse/sims/sims_196531839_pos.npy,training
144651.95571641016,/sietch_colab/data_share/popgenDL_crashcourse/sims/sims_226540689_pos.npy,training
569930.3456527187,/sietch_colab/data_share/popgenDL_crashcourse/sims/sims_3311269394_pos.npy,training
65056.51170212529,/sietch_colab/data_share/popgenDL_crashcourse/sims/sims_31436238_pos.npy,training
859487.7679679894,/sietch_colab/data_share/popgenDL_crashcourse/sims/sims_2143498214_pos.npy,training
189729.71684438057,/sietch_colab/data_share/popgenDL_crashcourse/sims/sims_573833654_pos.npy,training
482557.4675188696,/sietch_colab/data_share/popgenDL_crashcourse/sims/sims_2353818309_pos.npy,training
544566.7775627164,/sietch_colab/data_share/popgenDL_crashcourse/sims/sims_77350682_pos.npy,training
653377.4986804022,/sietch_colab/data_share/popgenDL_crashcourse/sims/sims_4015530323_pos.npy,training
429569.2703154259,/sietch_colab/data_share/popgenDL_crashcourse/sims/sims_32108924_pos.npy,training
356086.13436224853,/sietch_colab/data_share/popgenDL_crashcourse/sims/sims_1949060822_pos.npy,training
181929.79015864947,/sietch_colab/data_share/popgenDL_crashcourse/sims/sims_1337192464_pos.npy,training
312755.71304486005,/sietch_colab/data_share/popgenDL_crashcourse/sims/sims_4038434845_pos.npy,training
150744.15288195852,/sietch_colab/data_share/popgenDL_crashcourse/sims/sims_2939682233_pos.npy,training
902800.3692267161,/sietch_colab/data_share/popgenDL_crashcourse/sims/sims_1304438945_pos.npy,training
659097.3153064196,/sietch_colab/data_share/popgenDL_crashcourse/sims/sims_641254526_pos.npy,training
333131.73540914577,/sietch_colab/data_share/popgenDL_crashcourse/sims/sims_4055416561_pos.npy,training
674567.0872283095,/sietch_colab/data_share/popgenDL_crashcourse/sims/sims_911293915_pos.npy,training
984698.6485988476,/sietch_colab/data_share/popgenDL_crashcourse/sims/sims_3605622632_pos.npy,training
101402.89739347629,/sietch_colab/data_share/popgenDL_crashcourse/sims/sims_3160712380_pos.npy,training
317896.28519808874,/sietch_colab/data_share/popgenDL_crashcourse/sims/sims_1982778217_pos.npy,training
404785.20251685625,/sietch_colab/data_share/popgenDL_crashcourse/sims/sims_1302963693_pos.npy,training
113358.08507681856,/sietch_colab/data_share/popgenDL_crashcourse/sims/sims_2519388632_pos.npy,training
228785.20616961643,/sietch_colab/data_share/popgenDL_crashcourse/sims/sims_2889937474_pos.npy,training
569221.3335858006,/sietch_colab/data_share/popgenDL_crashcourse/sims/sims_505750750_pos.npy,training
1509.4976907284795,/sietch_colab/data_share/popgenDL_crashcourse/sims/sims_258588558_pos.npy,training
252748.36908875415,/sietch_colab/data_share/popgenDL_crashcourse/sims/sims_3011969041_pos.npy,training
246145.58814536998,/sietch_colab/data_share/popgenDL_crashcourse/sims/sims_3272227630_pos.npy,training
282508.80971106066,/sietch_colab/data_share/popgenDL_crashcourse/sims/sims_3251899673_pos.npy,training
294231.3770596018,/sietch_colab/data_share/popgenDL_crashcourse/sims/sims_2305334859_pos.npy,training
842080.7906024657,/sietch_colab/data_share/popgenDL_crashcourse/sims/sims_1385743731_pos.npy,training
865439.9633701609,/sietch_colab/data_share/popgenDL_crashcourse/sims/sims_2043587520_pos.npy,training
615739.2756376017,/sietch_colab/data_share/popgenDL_crashcourse/sims/sims_3080283211_pos.npy,training
917041.5498448741,/sietch_colab/data_share/popgenDL_crashcourse/sims/sims_2580087494_pos.npy,training
226410.14858398738,/sietch_colab/data_share/popgenDL_crashcourse/sims/sims_15753221_pos.npy,training
888822.2337121952,/sietch_colab/data_share/popgenDL_crashcourse/sims/sims_2886375946_pos.npy,training
306698.32502375304,/sietch_colab/data_share/popgenDL_crashcourse/sims/sims_2332083818_pos.npy,training
289836.877744635,/sietch_colab/data_share/popgenDL_crashcourse/sims/sims_199706600_pos.npy,training
600206.4481445649,/sietch_colab/data_share/popgenDL_crashcourse/sims/sims_252302124_pos.npy,training
372629.5313350287,/sietch_colab/data_share/popgenDL_crashcourse/sims/sims_3230236065_pos.npy,training
621423.1385277323,/sietch_colab/data_share/popgenDL_crashcourse/sims/sims_914339366_pos.npy,training
361037.7033947008,/sietch_colab/data_share/popgenDL_crashcourse/sims/sims_750802901_pos.npy,training
947663.5051574557,/sietch_colab/data_share/popgenDL_crashcourse/sims/sims_3514157051_pos.npy,training
92565.02980513289,/sietch_colab/data_share/popgenDL_crashcourse/sims/sims_2247584851_pos.npy,training
759980.5301698695,/sietch_colab/data_share/popgenDL_crashcourse/sims/sims_3082532640_pos.npy,training
941133.9675839025,/sietch_colab/data_share/popgenDL_crashcourse/sims/sims_2321720391_pos.npy,training
42504.17250822203,/sietch_colab/data_share/popgenDL_crashcourse/sims/sims_948456496_pos.npy,training
950283.2358725913,/sietch_colab/data_share/popgenDL_crashcourse/sims/sims_3383692739_pos.npy,training
189973.9323359922,/sietch_colab/data_share/popgenDL_crashcourse/sims/sims_3651662840_pos.npy,training
892300.8422984515,/sietch_colab/data_share/popgenDL_crashcourse/sims/sims_697909861_pos.npy,training
272449.4449942863,/sietch_colab/data_share/popgenDL_crashcourse/sims/sims_635799556_pos.npy,training
263739.5616091844,/sietch_colab/data_share/popgenDL_crashcourse/sims/sims_1396697509_pos.npy,training
951078.8282749655,/sietch_colab/data_share/popgenDL_crashcourse/sims/sims_2356909530_pos.npy,training
753400.1403183187,/sietch_colab/data_share/popgenDL_crashcourse/sims/sims_901243569_pos.npy,training
937064.1800300133,/sietch_colab/data_share/popgenDL_crashcourse/sims/sims_2515626975_pos.npy,training
296502.0859999615,/sietch_colab/data_share/popgenDL_crashcourse/sims/sims_313648411_pos.npy,training
119630.59616222091,/sietch_colab/data_share/popgenDL_crashcourse/sims/sims_216162246_pos.npy,training
712607.1510120726,/sietch_colab/data_share/popgenDL_crashcourse/sims/sims_4062844875_pos.npy,training
725784.5945392267,/sietch_colab/data_share/popgenDL_crashcourse/sims/sims_2870741470_pos.npy,training
689950.8073459867,/sietch_colab/data_share/popgenDL_crashcourse/sims/sims_3486439977_pos.npy,training
449871.85640489456,/sietch_colab/data_share/popgenDL_crashcourse/sims/sims_2131484070_pos.npy,training
564876.3272104266,/sietch_colab/data_share/popgenDL_crashcourse/sims/sims_3853490646_pos.npy,training
489138.97891203297,/sietch_colab/data_share/popgenDL_crashcourse/sims/sims_193519121_pos.npy,training
605402.874333504,/sietch_colab/data_share/popgenDL_crashcourse/sims/sims_714613379_pos.npy,training
387275.63397442235,/sietch_colab/data_share/popgenDL_crashcourse/sims/sims_3665124413_pos.npy,training
543125.7962590302,/sietch_colab/data_share/popgenDL_crashcourse/sims/sims_267722024_pos.npy,training
57816.57770488366,/sietch_colab/data_share/popgenDL_crashcourse/sims/sims_1075678830_pos.npy,training
332581.7120150605,/sietch_colab/data_share/popgenDL_crashcourse/sims/sims_3906682356_pos.npy,training
88729.9755102694,/sietch_colab/data_share/popgenDL_crashcourse/sims/sims_3630304194_pos.npy,training
859586.9403442404,/sietch_colab/data_share/popgenDL_crashcourse/sims/sims_1456327489_pos.npy,training
577328.6100122043,/sietch_colab/data_share/popgenDL_crashcourse/sims/sims_1667711259_pos.npy,training
468915.62543499726,/sietch_colab/data_share/popgenDL_crashcourse/sims/sims_1313763291_pos.npy,training
46290.114711388276,/sietch_colab/data_share/popgenDL_crashcourse/sims/sims_1029321668_pos.npy,training
410448.64401484054,/sietch_colab/data_share/popgenDL_crashcourse/sims/sims_2326155789_pos.npy,training
714683.3516205474,/sietch_colab/data_share/popgenDL_crashcourse/sims/sims_2510597429_pos.npy,training
936636.5522963059,/sietch_colab/data_share/popgenDL_crashcourse/sims/sims_2069381846_pos.npy,training
743095.8039999539,/sietch_colab/data_share/popgenDL_crashcourse/sims/sims_348546217_pos.npy,training
525546.9668411328,/sietch_colab/data_share/popgenDL_crashcourse/sims/sims_719350421_pos.npy,training
103343.59286125565,/sietch_colab/data_share/popgenDL_crashcourse/sims/sims_987493971_pos.npy,training
952428.8784406573,/sietch_colab/data_share/popgenDL_crashcourse/sims/sims_3463794240_pos.npy,training
826779.6524219089,/sietch_colab/data_share/popgenDL_crashcourse/sims/sims_2060682849_pos.npy,training
421155.6355909168,/sietch_colab/data_share/popgenDL_crashcourse/sims/sims_3370927_pos.npy,training
207516.02121163506,/sietch_colab/data_share/popgenDL_crashcourse/sims/sims_2626620721_pos.npy,training
763791.3294264416,/sietch_colab/data_share/popgenDL_crashcourse/sims/sims_3717338278_pos.npy,training
785011.6177060934,/sietch_colab/data_share/popgenDL_crashcourse/sims/sims_2759489637_pos.npy,training
52190.761815637416,/sietch_colab/data_share/popgenDL_crashcourse/sims/sims_2630346207_pos.npy,training
477180.01224625274,/sietch_colab/data_share/popgenDL_crashcourse/sims/sims_2589272075_pos.npy,training
664702.8045567198,/sietch_colab/data_share/popgenDL_crashcourse/sims/sims_735998383_pos.npy,training
310697.56201257254,/sietch_colab/data_share/popgenDL_crashcourse/sims/sims_1816550483_pos.npy,training
417858.0540927219,/sietch_colab/data_share/popgenDL_crashcourse/sims/sims_2610443155_pos.npy,training
378735.9391595321,/sietch_colab/data_share/popgenDL_crashcourse/sims/sims_4134682190_pos.npy,training
338740.2017048348,/sietch_colab/data_share/popgenDL_crashcourse/sims/sims_2100046978_pos.npy,training
904872.454475341,/sietch_colab/data_share/popgenDL_crashcourse/sims/sims_3205701453_pos.npy,training
720356.5785508442,/sietch_colab/data_share/popgenDL_crashcourse/sims/sims_2753861231_pos.npy,training
24438.32810359453,/sietch_colab/data_share/popgenDL_crashcourse/sims/sims_613926201_pos.npy,training
541325.8461521508,/sietch_colab/data_share/popgenDL_crashcourse/sims/sims_3537539438_pos.npy,training
762720.4791173964,/sietch_colab/data_share/popgenDL_crashcourse/sims/sims_1982114229_pos.npy,training
556951.2793192478,/sietch_colab/data_share/popgenDL_crashcourse/sims/sims_2481928303_pos.npy,training
453296.1245411866,/sietch_colab/data_share/popgenDL_crashcourse/sims/sims_354178637_pos.npy,training
530436.33397973,/sietch_colab/data_share/popgenDL_crashcourse/sims/sims_313635683_pos.npy,training
400615.763084418,/sietch_colab/data_share/popgenDL_crashcourse/sims/sims_3079564957_pos.npy,training
179756.6817827455,/sietch_colab/data_share/popgenDL_crashcourse/sims/sims_1231909475_pos.npy,training
515751.6897796119,/sietch_colab/data_share/popgenDL_crashcourse/sims/sims_1441910001_pos.npy,training
342804.3600180058,/sietch_colab/data_share/popgenDL_crashcourse/sims/sims_973986896_pos.npy,training
183547.13918150554,/sietch_colab/data_share/popgenDL_crashcourse/sims/sims_197805855_pos.npy,training
612760.6386566843,/sietch_colab/data_share/popgenDL_crashcourse/sims/sims_1583432532_pos.npy,training
708746.8141802453,/sietch_colab/data_share/popgenDL_crashcourse/sims/sims_1078386401_pos.npy,training
468465.0920266485,/sietch_colab/data_share/popgenDL_crashcourse/sims/sims_3256704958_pos.npy,training
245541.5352295153,/sietch_colab/data_share/popgenDL_crashcourse/sims/sims_2197092965_pos.npy,training
461016.8646160579,/sietch_colab/data_share/popgenDL_crashcourse/sims/sims_1855729966_pos.npy,training
71384.10648880652,/sietch_colab/data_share/popgenDL_crashcourse/sims/sims_2686528853_pos.npy,training
463472.10087973636,/sietch_colab/data_share/popgenDL_crashcourse/sims/sims_1096798031_pos.npy,training
82226.30085949773,/sietch_colab/data_share/popgenDL_crashcourse/sims/sims_785273006_pos.npy,training
296308.0077441183,/sietch_colab/data_share/popgenDL_crashcourse/sims/sims_2444172120_pos.npy,training
359244.9887481606,/sietch_colab/data_share/popgenDL_crashcourse/sims/sims_3712331872_pos.npy,training
468035.43098180776,/sietch_colab/data_share/popgenDL_crashcourse/sims/sims_3855772300_pos.npy,training
972916.9751592391,/sietch_colab/data_share/popgenDL_crashcourse/sims/sims_4291368430_pos.npy,training
321767.692069221,/sietch_colab/data_share/popgenDL_crashcourse/sims/sims_4015445977_pos.npy,training
799927.5706881888,/sietch_colab/data_share/popgenDL_crashcourse/sims/sims_3558951327_pos.npy,training
402830.6995480955,/sietch_colab/data_share/popgenDL_crashcourse/sims/sims_1411766015_pos.npy,training
816766.6458060106,/sietch_colab/data_share/popgenDL_crashcourse/sims/sims_243949746_pos.npy,training
995906.76787028,/sietch_colab/data_share/popgenDL_crashcourse/sims/sims_510699666_pos.npy,training
810426.1670218344,/sietch_colab/data_share/popgenDL_crashcourse/sims/sims_2220286280_pos.npy,training
829244.3350320699,/sietch_colab/data_share/popgenDL_crashcourse/sims/sims_394121466_pos.npy,training
30297.446843624875,/sietch_colab/data_share/popgenDL_crashcourse/sims/sims_901326105_pos.npy,training
481034.75924068806,/sietch_colab/data_share/popgenDL_crashcourse/sims/sims_2763224467_pos.npy,training
417056.05280341115,/sietch_colab/data_share/popgenDL_crashcourse/sims/sims_274177585_pos.npy,training
556671.4015207526,/sietch_colab/data_share/popgenDL_crashcourse/sims/sims_991263161_pos.npy,training
987846.0969479021,/sietch_colab/data_share/popgenDL_crashcourse/sims/sims_2211550104_pos.npy,training
404136.1362549087,/sietch_colab/data_share/popgenDL_crashcourse/sims/sims_2066862292_pos.npy,training
434987.61308950424,/sietch_colab/data_share/popgenDL_crashcourse/sims/sims_2628452514_pos.npy,training
618589.0205918244,/sietch_colab/data_share/popgenDL_crashcourse/sims/sims_3656559781_pos.npy,training
255547.51278344946,/sietch_colab/data_share/popgenDL_crashcourse/sims/sims_36308268_pos.npy,training
682272.4251778658,/sietch_colab/data_share/popgenDL_crashcourse/sims/sims_2071722620_pos.npy,training
626939.7021285626,/sietch_colab/data_share/popgenDL_crashcourse/sims/sims_589013270_pos.npy,training
220677.24939791544,/sietch_colab/data_share/popgenDL_crashcourse/sims/sims_2791915330_pos.npy,training
639802.5410650597,/sietch_colab/data_share/popgenDL_crashcourse/sims/sims_2037324190_pos.npy,training
379243.9616898551,/sietch_colab/data_share/popgenDL_crashcourse/sims/sims_1711493867_pos.npy,training
896501.2831636157,/sietch_colab/data_share/popgenDL_crashcourse/sims/sims_1603327341_pos.npy,training
468937.00778427295,/sietch_colab/data_share/popgenDL_crashcourse/sims/sims_1850539538_pos.npy,training
504301.0638835502,/sietch_colab/data_share/popgenDL_crashcourse/sims/sims_415330129_pos.npy,training
813805.1437164771,/sietch_colab/data_share/popgenDL_crashcourse/sims/sims_495361129_pos.npy,training
885577.1696541968,/sietch_colab/data_share/popgenDL_crashcourse/sims/sims_2936823074_pos.npy,training
650886.4414271694,/sietch_colab/data_share/popgenDL_crashcourse/sims/sims_1121750887_pos.npy,training
208568.56127986434,/sietch_colab/data_share/popgenDL_crashcourse/sims/sims_1138247235_pos.npy,training
570354.6815941997,/sietch_colab/data_share/popgenDL_crashcourse/sims/sims_2092169112_pos.npy,training
461531.81360997434,/sietch_colab/data_share/popgenDL_crashcourse/sims/sims_171748288_pos.npy,training
735903.496487692,/sietch_colab/data_share/popgenDL_crashcourse/sims/sims_2271946286_pos.npy,training
180545.9839735837,/sietch_colab/data_share/popgenDL_crashcourse/sims/sims_1007783601_pos.npy,training
501690.57385006547,/sietch_colab/data_share/popgenDL_crashcourse/sims/sims_568014984_pos.npy,training
81631.28708854796,/sietch_colab/data_share/popgenDL_crashcourse/sims/sims_3645077821_pos.npy,training
574702.1995484283,/sietch_colab/data_share/popgenDL_crashcourse/sims/sims_2408707054_pos.npy,training
763136.2057033873,/sietch_colab/data_share/popgenDL_crashcourse/sims/sims_3696642162_pos.npy,training
82137.01968369792,/sietch_colab/data_share/popgenDL_crashcourse/sims/sims_2368811004_pos.npy,training
433396.0827090819,/sietch_colab/data_share/popgenDL_crashcourse/sims/sims_2512015587_pos.npy,training
258215.3016547513,/sietch_colab/data_share/popgenDL_crashcourse/sims/sims_1258877214_pos.npy,training
147029.48135183466,/sietch_colab/data_share/popgenDL_crashcourse/sims/sims_3503299639_pos.npy,training
439952.8992199146,/sietch_colab/data_share/popgenDL_crashcourse/sims/sims_2419006976_pos.npy,training
752263.0598258979,/sietch_colab/data_share/popgenDL_crashcourse/sims/sims_2550407736_pos.npy,training
731503.316715964,/sietch_colab/data_share/popgenDL_crashcourse/sims/sims_278887664_pos.npy,training
935606.4757234914,/sietch_colab/data_share/popgenDL_crashcourse/sims/sims_121933240_pos.npy,training
544645.7356104524,/sietch_colab/data_share/popgenDL_crashcourse/sims/sims_915733599_pos.npy,training
641420.553496487,/sietch_colab/data_share/popgenDL_crashcourse/sims/sims_1505934168_pos.npy,training
192275.28592347074,/sietch_colab/data_share/popgenDL_crashcourse/sims/sims_988018325_pos.npy,training
58913.27242067658,/sietch_colab/data_share/popgenDL_crashcourse/sims/sims_1636493702_pos.npy,training
338176.82169778994,/sietch_colab/data_share/popgenDL_crashcourse/sims/sims_3836008569_pos.npy,training
722596.4674102183,/sietch_colab/data_share/popgenDL_crashcourse/sims/sims_1198005750_pos.npy,training
18181.61299227803,/sietch_colab/data_share/popgenDL_crashcourse/sims/sims_3935396645_pos.npy,training
429413.1907857427,/sietch_colab/data_share/popgenDL_crashcourse/sims/sims_3619970552_pos.npy,training
8157.7724115730625,/sietch_colab/data_share/popgenDL_crashcourse/sims/sims_3217884210_pos.npy,training
281918.0026795438,/sietch_colab/data_share/popgenDL_crashcourse/sims/sims_1739077226_pos.npy,training
570452.5287314041,/sietch_colab/data_share/popgenDL_crashcourse/sims/sims_1609470248_pos.npy,training
712066.6612803523,/sietch_colab/data_share/popgenDL_crashcourse/sims/sims_2436005867_pos.npy,training
394488.275744959,/sietch_colab/data_share/popgenDL_crashcourse/sims/sims_3719700983_pos.npy,training
224459.0863297162,/sietch_colab/data_share/popgenDL_crashcourse/sims/sims_370290971_pos.npy,training
718248.2209078447,/sietch_colab/data_share/popgenDL_crashcourse/sims/sims_311217131_pos.npy,training
315397.3989079488,/sietch_colab/data_share/popgenDL_crashcourse/sims/sims_2737488304_pos.npy,training
915447.7819797584,/sietch_colab/data_share/popgenDL_crashcourse/sims/sims_3757332274_pos.npy,training
247584.74380324347,/sietch_colab/data_share/popgenDL_crashcourse/sims/sims_2322058899_pos.npy,training
647072.7027398982,/sietch_colab/data_share/popgenDL_crashcourse/sims/sims_798826626_pos.npy,training
636409.7124921987,/sietch_colab/data_share/popgenDL_crashcourse/sims/sims_824412826_pos.npy,training
68055.99640698633,/sietch_colab/data_share/popgenDL_crashcourse/sims/sims_1175719804_pos.npy,training
986225.6685264012,/sietch_colab/data_share/popgenDL_crashcourse/sims/sims_4226284720_pos.npy,training
434106.3185569666,/sietch_colab/data_share/popgenDL_crashcourse/sims/sims_2945406912_pos.npy,training
35661.64328250657,/sietch_colab/data_share/popgenDL_crashcourse/sims/sims_147389543_pos.npy,training
292657.9284587454,/sietch_colab/data_share/popgenDL_crashcourse/sims/sims_730496406_pos.npy,training
997506.2553506911,/sietch_colab/data_share/popgenDL_crashcourse/sims/sims_2570080438_pos.npy,training
608915.5416903596,/sietch_colab/data_share/popgenDL_crashcourse/sims/sims_3651873835_pos.npy,training
995228.1949547752,/sietch_colab/data_share/popgenDL_crashcourse/sims/sims_1225347674_pos.npy,training
613081.7019044826,/sietch_colab/data_share/popgenDL_crashcourse/sims/sims_2140574610_pos.npy,training
221658.76292068473,/sietch_colab/data_share/popgenDL_crashcourse/sims/sims_2198780355_pos.npy,training
295565.676186195,/sietch_colab/data_share/popgenDL_crashcourse/sims/sims_2354694169_pos.npy,training
106233.66535170907,/sietch_colab/data_share/popgenDL_crashcourse/sims/sims_3274122891_pos.npy,training
853498.7407771285,/sietch_colab/data_share/popgenDL_crashcourse/sims/sims_938297092_pos.npy,training
223942.00904061168,/sietch_colab/data_share/popgenDL_crashcourse/sims/sims_2192677438_pos.npy,training
264857.3566340991,/sietch_colab/data_share/popgenDL_crashcourse/sims/sims_3755163954_pos.npy,training
905351.3904048697,/sietch_colab/data_share/popgenDL_crashcourse/sims/sims_4062763989_pos.npy,training
237990.26301046397,/sietch_colab/data_share/popgenDL_crashcourse/sims/sims_3760662730_pos.npy,training
999108.5208105395,/sietch_colab/data_share/popgenDL_crashcourse/sims/sims_3752072956_pos.npy,training
510762.0213255397,/sietch_colab/data_share/popgenDL_crashcourse/sims/sims_1064321213_pos.npy,training
950868.7504477567,/sietch_colab/data_share/popgenDL_crashcourse/sims/sims_4196065175_pos.npy,training
158010.17063605966,/sietch_colab/data_share/popgenDL_crashcourse/sims/sims_1069131298_pos.npy,training
317399.1540913413,/sietch_colab/data_share/popgenDL_crashcourse/sims/sims_2750753287_pos.npy,training
148635.60042740815,/sietch_colab/data_share/popgenDL_crashcourse/sims/sims_4020332338_pos.npy,training
963580.2848444477,/sietch_colab/data_share/popgenDL_crashcourse/sims/sims_1497290990_pos.npy,training
939576.3940906167,/sietch_colab/data_share/popgenDL_crashcourse/sims/sims_3641016220_pos.npy,training
292289.96749944583,/sietch_colab/data_share/popgenDL_crashcourse/sims/sims_3503233203_pos.npy,training
240061.64749903325,/sietch_colab/data_share/popgenDL_crashcourse/sims/sims_3869252186_pos.npy,training
993574.0255812791,/sietch_colab/data_share/popgenDL_crashcourse/sims/sims_2398862677_pos.npy,training
585835.3788566735,/sietch_colab/data_share/popgenDL_crashcourse/sims/sims_3888269798_pos.npy,training
83339.6006212035,/sietch_colab/data_share/popgenDL_crashcourse/sims/sims_1635585522_pos.npy,training
587864.5501371053,/sietch_colab/data_share/popgenDL_crashcourse/sims/sims_2533764250_pos.npy,training
40763.217690444,/sietch_colab/data_share/popgenDL_crashcourse/sims/sims_2708351457_pos.npy,training
600624.7113901807,/sietch_colab/data_share/popgenDL_crashcourse/sims/sims_3446849053_pos.npy,training
45577.46466948788,/sietch_colab/data_share/popgenDL_crashcourse/sims/sims_773496814_pos.npy,training
659173.6710637382,/sietch_colab/data_share/popgenDL_crashcourse/sims/sims_3614465291_pos.npy,training
463205.62593821634,/sietch_colab/data_share/popgenDL_crashcourse/sims/sims_3164282334_pos.npy,training
770146.0884479245,/sietch_colab/data_share/popgenDL_crashcourse/sims/sims_600878510_pos.npy,training
119770.79276332204,/sietch_colab/data_share/popgenDL_crashcourse/sims/sims_59568647_pos.npy,training
783612.9248454574,/sietch_colab/data_share/popgenDL_crashcourse/sims/sims_2668899964_pos.npy,training
604821.5592267388,/sietch_colab/data_share/popgenDL_crashcourse/sims/sims_567784773_pos.npy,training
232900.89813557948,/sietch_colab/data_share/popgenDL_crashcourse/sims/sims_1266275257_pos.npy,training
802954.9317479212,/sietch_colab/data_share/popgenDL_crashcourse/sims/sims_3400041863_pos.npy,training
209745.4912824589,/sietch_colab/data_share/popgenDL_crashcourse/sims/sims_212530565_pos.npy,training
429213.9946760013,/sietch_colab/data_share/popgenDL_crashcourse/sims/sims_1385284539_pos.npy,training
70787.03406581805,/sietch_colab/data_share/popgenDL_crashcourse/sims/sims_1931586702_pos.npy,training
226509.16196108595,/sietch_colab/data_share/popgenDL_crashcourse/sims/sims_1405601330_pos.npy,training
939413.6226603296,/sietch_colab/data_share/popgenDL_crashcourse/sims/sims_1954416399_pos.npy,training
357712.4363760584,/sietch_colab/data_share/popgenDL_crashcourse/sims/sims_1471419703_pos.npy,training
292863.6950470063,/sietch_colab/data_share/popgenDL_crashcourse/sims/sims_264496163_pos.npy,training
687785.7263000959,/sietch_colab/data_share/popgenDL_crashcourse/sims/sims_3602272928_pos.npy,training
352501.5265901127,/sietch_colab/data_share/popgenDL_crashcourse/sims/sims_1016478037_pos.npy,training
364155.42235200736,/sietch_colab/data_share/popgenDL_crashcourse/sims/sims_2889992652_pos.npy,training
401413.51983844687,/sietch_colab/data_share/popgenDL_crashcourse/sims/sims_167735663_pos.npy,training
178909.71517146716,/sietch_colab/data_share/popgenDL_crashcourse/sims/sims_1172970550_pos.npy,training
756125.2542410779,/sietch_colab/data_share/popgenDL_crashcourse/sims/sims_2609705361_pos.npy,training
901068.4692142009,/sietch_colab/data_share/popgenDL_crashcourse/sims/sims_2313338636_pos.npy,training
564985.0234819392,/sietch_colab/data_share/popgenDL_crashcourse/sims/sims_1299140003_pos.npy,training
312131.89872936346,/sietch_colab/data_share/popgenDL_crashcourse/sims/sims_3422633140_pos.npy,training
152291.78237180258,/sietch_colab/data_share/popgenDL_crashcourse/sims/sims_1327225047_pos.npy,training
68875.87144216146,/sietch_colab/data_share/popgenDL_crashcourse/sims/sims_3474433800_pos.npy,training
757032.5634302531,/sietch_colab/data_share/popgenDL_crashcourse/sims/sims_2275183114_pos.npy,training
226133.22869794682,/sietch_colab/data_share/popgenDL_crashcourse/sims/sims_786919769_pos.npy,training
972302.9903067057,/sietch_colab/data_share/popgenDL_crashcourse/sims/sims_4047448878_pos.npy,training
691736.1230826775,/sietch_colab/data_share/popgenDL_crashcourse/sims/sims_3705114318_pos.npy,training
361205.4953072645,/sietch_colab/data_share/popgenDL_crashcourse/sims/sims_4068986138_pos.npy,training
752672.8639510005,/sietch_colab/data_share/popgenDL_crashcourse/sims/sims_3276613804_pos.npy,training
731147.4628271281,/sietch_colab/data_share/popgenDL_crashcourse/sims/sims_1720034066_pos.npy,training
320975.28933974536,/sietch_colab/data_share/popgenDL_crashcourse/sims/sims_2509603808_pos.npy,training
551318.112308667,/sietch_colab/data_share/popgenDL_crashcourse/sims/sims_2895310219_pos.npy,training
798636.9788706832,/sietch_colab/data_share/popgenDL_crashcourse/sims/sims_1222999887_pos.npy,training
291008.11054832273,/sietch_colab/data_share/popgenDL_crashcourse/sims/sims_3967937_pos.npy,training
348190.4446270801,/sietch_colab/data_share/popgenDL_crashcourse/sims/sims_3307735499_pos.npy,training
979926.3073633715,/sietch_colab/data_share/popgenDL_crashcourse/sims/sims_2177160909_pos.npy,training
605691.7728038583,/sietch_colab/data_share/popgenDL_crashcourse/sims/sims_2120252389_pos.npy,training
101519.62699262786,/sietch_colab/data_share/popgenDL_crashcourse/sims/sims_2367234602_pos.npy,training
72312.97537492108,/sietch_colab/data_share/popgenDL_crashcourse/sims/sims_3197992534_pos.npy,training
568392.7283522931,/sietch_colab/data_share/popgenDL_crashcourse/sims/sims_2528275585_pos.npy,training
669024.1670814788,/sietch_colab/data_share/popgenDL_crashcourse/sims/sims_699801126_pos.npy,training
479941.4972203679,/sietch_colab/data_share/popgenDL_crashcourse/sims/sims_1165350020_pos.npy,training
177628.50648870977,/sietch_colab/data_share/popgenDL_crashcourse/sims/sims_1363806338_pos.npy,training
390414.79130008706,/sietch_colab/data_share/popgenDL_crashcourse/sims/sims_2030850867_pos.npy,training
865429.2087343126,/sietch_colab/data_share/popgenDL_crashcourse/sims/sims_498732591_pos.npy,training
560050.402125308,/sietch_colab/data_share/popgenDL_crashcourse/sims/sims_2393513296_pos.npy,training
537558.327164537,/sietch_colab/data_share/popgenDL_crashcourse/sims/sims_3136858716_pos.npy,training
146885.2012542598,/sietch_colab/data_share/popgenDL_crashcourse/sims/sims_2014940345_pos.npy,training
265872.20847237617,/sietch_colab/data_share/popgenDL_crashcourse/sims/sims_1465216884_pos.npy,training
367670.24237153074,/sietch_colab/data_share/popgenDL_crashcourse/sims/sims_76170163_pos.npy,training
266041.9808399698,/sietch_colab/data_share/popgenDL_crashcourse/sims/sims_3080371903_pos.npy,training
852072.3254569963,/sietch_colab/data_share/popgenDL_crashcourse/sims/sims_821510790_pos.npy,training
813325.746833592,/sietch_colab/data_share/popgenDL_crashcourse/sims/sims_1720446517_pos.npy,training
624683.7384319614,/sietch_colab/data_share/popgenDL_crashcourse/sims/sims_3136228157_pos.npy,training
920671.4713692595,/sietch_colab/data_share/popgenDL_crashcourse/sims/sims_4094717984_pos.npy,training
592904.6375238785,/sietch_colab/data_share/popgenDL_crashcourse/sims/sims_4203568157_pos.npy,training
383730.8962274444,/sietch_colab/data_share/popgenDL_crashcourse/sims/sims_4108394609_pos.npy,training
610444.3379131113,/sietch_colab/data_share/popgenDL_crashcourse/sims/sims_3462093062_pos.npy,training
634632.054042493,/sietch_colab/data_share/popgenDL_crashcourse/sims/sims_2577533107_pos.npy,training
539249.6814200205,/sietch_colab/data_share/popgenDL_crashcourse/sims/sims_3357966127_pos.npy,training
74434.13668023491,/sietch_colab/data_share/popgenDL_crashcourse/sims/sims_3963792258_pos.npy,training
312019.652930751,/sietch_colab/data_share/popgenDL_crashcourse/sims/sims_3948890925_pos.npy,training
534542.0249482563,/sietch_colab/data_share/popgenDL_crashcourse/sims/sims_3967611205_pos.npy,training
959793.226855756,/sietch_colab/data_share/popgenDL_crashcourse/sims/sims_1385495590_pos.npy,training
969499.9873987837,/sietch_colab/data_share/popgenDL_crashcourse/sims/sims_3099627422_pos.npy,training
274939.65661567636,/sietch_colab/data_share/popgenDL_crashcourse/sims/sims_2271003399_pos.npy,training
195386.7370751776,/sietch_colab/data_share/popgenDL_crashcourse/sims/sims_3303699498_pos.npy,training
963856.4921955388,/sietch_colab/data_share/popgenDL_crashcourse/sims/sims_2820182603_pos.npy,training
144553.6849453385,/sietch_colab/data_share/popgenDL_crashcourse/sims/sims_1382946053_pos.npy,training
30892.787599149797,/sietch_colab/data_share/popgenDL_crashcourse/sims/sims_964313493_pos.npy,training
90270.32970093547,/sietch_colab/data_share/popgenDL_crashcourse/sims/sims_3083961767_pos.npy,training
799872.4383541149,/sietch_colab/data_share/popgenDL_crashcourse/sims/sims_835717812_pos.npy,training
228818.32467772314,/sietch_colab/data_share/popgenDL_crashcourse/sims/sims_1011299037_pos.npy,training
194524.06275741922,/sietch_colab/data_share/popgenDL_crashcourse/sims/sims_2984494691_pos.npy,training
825059.75704722,/sietch_colab/data_share/popgenDL_crashcourse/sims/sims_90933103_pos.npy,training
315928.6705121553,/sietch_colab/data_share/popgenDL_crashcourse/sims/sims_3390100764_pos.npy,training
556857.7027450684,/sietch_colab/data_share/popgenDL_crashcourse/sims/sims_1742522965_pos.npy,training
182251.68285568824,/sietch_colab/data_share/popgenDL_crashcourse/sims/sims_2975334161_pos.npy,training
163022.9958796341,/sietch_colab/data_share/popgenDL_crashcourse/sims/sims_3356871367_pos.npy,training
411074.8009208845,/sietch_colab/data_share/popgenDL_crashcourse/sims/sims_1030597132_pos.npy,training
994417.1552093934,/sietch_colab/data_share/popgenDL_crashcourse/sims/sims_2666574597_pos.npy,training
23943.70249349256,/sietch_colab/data_share/popgenDL_crashcourse/sims/sims_386051239_pos.npy,training
159237.79066715835,/sietch_colab/data_share/popgenDL_crashcourse/sims/sims_3919513390_pos.npy,training
789831.4620272442,/sietch_colab/data_share/popgenDL_crashcourse/sims/sims_1075695882_pos.npy,training
743928.504706821,/sietch_colab/data_share/popgenDL_crashcourse/sims/sims_3130280957_pos.npy,training
766505.6951032294,/sietch_colab/data_share/popgenDL_crashcourse/sims/sims_3985945148_pos.npy,training
649445.4199387877,/sietch_colab/data_share/popgenDL_crashcourse/sims/sims_2692471932_pos.npy,training
926999.6139130456,/sietch_colab/data_share/popgenDL_crashcourse/sims/sims_3556184786_pos.npy,training
360549.98949590174,/sietch_colab/data_share/popgenDL_crashcourse/sims/sims_3796250152_pos.npy,training
783314.1549922039,/sietch_colab/data_share/popgenDL_crashcourse/sims/sims_1937098284_pos.npy,training
358106.76778774866,/sietch_colab/data_share/popgenDL_crashcourse/sims/sims_909854634_pos.npy,training
519316.4311663127,/sietch_colab/data_share/popgenDL_crashcourse/sims/sims_177942991_pos.npy,training
433534.5777145043,/sietch_colab/data_share/popgenDL_crashcourse/sims/sims_2432271860_pos.npy,training
718302.8243823724,/sietch_colab/data_share/popgenDL_crashcourse/sims/sims_1817518358_pos.npy,training
424246.4215353405,/sietch_colab/data_share/popgenDL_crashcourse/sims/sims_3732592485_pos.npy,training
291108.27598045813,/sietch_colab/data_share/popgenDL_crashcourse/sims/sims_1537270856_pos.npy,training
701395.1103410289,/sietch_colab/data_share/popgenDL_crashcourse/sims/sims_2721032514_pos.npy,training
875465.9651294419,/sietch_colab/data_share/popgenDL_crashcourse/sims/sims_3394937702_pos.npy,training
940473.5458189422,/sietch_colab/data_share/popgenDL_crashcourse/sims/sims_2218676686_pos.npy,training
508581.7094836976,/sietch_colab/data_share/popgenDL_crashcourse/sims/sims_3069031159_pos.npy,training
366887.92006263934,/sietch_colab/data_share/popgenDL_crashcourse/sims/sims_767690524_pos.npy,training
651530.9145397773,/sietch_colab/data_share/popgenDL_crashcourse/sims/sims_2625344960_pos.npy,training
498133.2162692794,/sietch_colab/data_share/popgenDL_crashcourse/sims/sims_3945566922_pos.npy,training
420614.6030340262,/sietch_colab/data_share/popgenDL_crashcourse/sims/sims_2605224948_pos.npy,training
49606.27743236988,/sietch_colab/data_share/popgenDL_crashcourse/sims/sims_700271314_pos.npy,training
394371.02182184503,/sietch_colab/data_share/popgenDL_crashcourse/sims/sims_165872416_pos.npy,training
168281.16824828973,/sietch_colab/data_share/popgenDL_crashcourse/sims/sims_3290203694_pos.npy,training
523260.88783555856,/sietch_colab/data_share/popgenDL_crashcourse/sims/sims_1918370768_pos.npy,training
514700.8983496692,/sietch_colab/data_share/popgenDL_crashcourse/sims/sims_2092527055_pos.npy,training
981208.4660024752,/sietch_colab/data_share/popgenDL_crashcourse/sims/sims_1636848334_pos.npy,training
955033.2724452396,/sietch_colab/data_share/popgenDL_crashcourse/sims/sims_4142032971_pos.npy,training
902755.2288791143,/sietch_colab/data_share/popgenDL_crashcourse/sims/sims_2881618322_pos.npy,training
80046.09615802518,/sietch_colab/data_share/popgenDL_crashcourse/sims/sims_1661079261_pos.npy,training
619174.2552622751,/sietch_colab/data_share/popgenDL_crashcourse/sims/sims_2557163869_pos.npy,training
292680.05164298654,/sietch_colab/data_share/popgenDL_crashcourse/sims/sims_2496600165_pos.npy,training
438412.60099611484,/sietch_colab/data_share/popgenDL_crashcourse/sims/sims_2470727555_pos.npy,training
471557.16614851163,/sietch_colab/data_share/popgenDL_crashcourse/sims/sims_632024724_pos.npy,training
724073.2010459298,/sietch_colab/data_share/popgenDL_crashcourse/sims/sims_2171405315_pos.npy,training
417168.95629476575,/sietch_colab/data_share/popgenDL_crashcourse/sims/sims_279600535_pos.npy,training
531306.8912642854,/sietch_colab/data_share/popgenDL_crashcourse/sims/sims_2188479418_pos.npy,training
438546.0807880921,/sietch_colab/data_share/popgenDL_crashcourse/sims/sims_1750585538_pos.npy,training
769419.3703476016,/sietch_colab/data_share/popgenDL_crashcourse/sims/sims_2981570312_pos.npy,training
595346.737888704,/sietch_colab/data_share/popgenDL_crashcourse/sims/sims_2727168027_pos.npy,training
791473.7438810663,/sietch_colab/data_share/popgenDL_crashcourse/sims/sims_1475015160_pos.npy,training
737999.9210064166,/sietch_colab/data_share/popgenDL_crashcourse/sims/sims_3067933027_pos.npy,training
477965.1988964898,/sietch_colab/data_share/popgenDL_crashcourse/sims/sims_3816196536_pos.npy,training
721189.1997829028,/sietch_colab/data_share/popgenDL_crashcourse/sims/sims_3508104440_pos.npy,training
794409.4573592559,/sietch_colab/data_share/popgenDL_crashcourse/sims/sims_1019041221_pos.npy,training
943044.2798579674,/sietch_colab/data_share/popgenDL_crashcourse/sims/sims_4258997039_pos.npy,training
396752.55327026005,/sietch_colab/data_share/popgenDL_crashcourse/sims/sims_4166503027_pos.npy,training
46587.09810182174,/sietch_colab/data_share/popgenDL_crashcourse/sims/sims_185262761_pos.npy,training
237548.97842081232,/sietch_colab/data_share/popgenDL_crashcourse/sims/sims_3446433560_pos.npy,training
744528.4832031076,/sietch_colab/data_share/popgenDL_crashcourse/sims/sims_755852809_pos.npy,training
554447.2200932684,/sietch_colab/data_share/popgenDL_crashcourse/sims/sims_3141267476_pos.npy,training
40579.473531232135,/sietch_colab/data_share/popgenDL_crashcourse/sims/sims_3589062219_pos.npy,training
771374.8201569032,/sietch_colab/data_share/popgenDL_crashcourse/sims/sims_3895778217_pos.npy,training
34007.5472021219,/sietch_colab/data_share/popgenDL_crashcourse/sims/sims_361074734_pos.npy,training
391580.6496585742,/sietch_colab/data_share/popgenDL_crashcourse/sims/sims_2325083918_pos.npy,training
739336.6161958836,/sietch_colab/data_share/popgenDL_crashcourse/sims/sims_3478997414_pos.npy,training
372310.85060611856,/sietch_colab/data_share/popgenDL_crashcourse/sims/sims_3000720282_pos.npy,training
927154.187772296,/sietch_colab/data_share/popgenDL_crashcourse/sims/sims_2129817020_pos.npy,training
361076.741217552,/sietch_colab/data_share/popgenDL_crashcourse/sims/sims_3355912107_pos.npy,training
225322.5953312203,/sietch_colab/data_share/popgenDL_crashcourse/sims/sims_4188379024_pos.npy,training
883967.6803472922,/sietch_colab/data_share/popgenDL_crashcourse/sims/sims_1206387453_pos.npy,training
981812.9291687808,/sietch_colab/data_share/popgenDL_crashcourse/sims/sims_3161728833_pos.npy,training
290102.41804389784,/sietch_colab/data_share/popgenDL_crashcourse/sims/sims_706366489_pos.npy,training
985712.4935137125,/sietch_colab/data_share/popgenDL_crashcourse/sims/sims_3519547610_pos.npy,training
51217.68277078053,/sietch_colab/data_share/popgenDL_crashcourse/sims/sims_1067233057_pos.npy,training
744148.1596427576,/sietch_colab/data_share/popgenDL_crashcourse/sims/sims_2611567442_pos.npy,validation
937760.559515506,/sietch_colab/data_share/popgenDL_crashcourse/sims/sims_1406119778_pos.npy,validation
163794.4269775636,/sietch_colab/data_share/popgenDL_crashcourse/sims/sims_1053569567_pos.npy,validation
737940.232737921,/sietch_colab/data_share/popgenDL_crashcourse/sims/sims_20474223_pos.npy,validation
603859.1368152789,/sietch_colab/data_share/popgenDL_crashcourse/sims/sims_3589328835_pos.npy,validation
822606.437120668,/sietch_colab/data_share/popgenDL_crashcourse/sims/sims_286904242_pos.npy,validation
652530.3210845992,/sietch_colab/data_share/popgenDL_crashcourse/sims/sims_2764392683_pos.npy,validation
59725.75459787364,/sietch_colab/data_share/popgenDL_crashcourse/sims/sims_1275139010_pos.npy,validation
495259.43128014694,/sietch_colab/data_share/popgenDL_crashcourse/sims/sims_4016391153_pos.npy,validation
283645.55745175935,/sietch_colab/data_share/popgenDL_crashcourse/sims/sims_1350305320_pos.npy,validation
833747.3157126223,/sietch_colab/data_share/popgenDL_crashcourse/sims/sims_1005931909_pos.npy,validation
452273.83630917047,/sietch_colab/data_share/popgenDL_crashcourse/sims/sims_1839997215_pos.npy,validation
878293.3977963638,/sietch_colab/data_share/popgenDL_crashcourse/sims/sims_1663180397_pos.npy,validation
693100.5234667277,/sietch_colab/data_share/popgenDL_crashcourse/sims/sims_3976706332_pos.npy,validation
776575.0770404211,/sietch_colab/data_share/popgenDL_crashcourse/sims/sims_2642868020_pos.npy,validation
607645.8524590451,/sietch_colab/data_share/popgenDL_crashcourse/sims/sims_3115507484_pos.npy,validation
947935.4496263688,/sietch_colab/data_share/popgenDL_crashcourse/sims/sims_917358496_pos.npy,validation
58817.68749226606,/sietch_colab/data_share/popgenDL_crashcourse/sims/sims_2154604929_pos.npy,validation
577261.8606220484,/sietch_colab/data_share/popgenDL_crashcourse/sims/sims_4221894126_pos.npy,validation
488000.67234309786,/sietch_colab/data_share/popgenDL_crashcourse/sims/sims_3306521152_pos.npy,validation
350985.530924414,/sietch_colab/data_share/popgenDL_crashcourse/sims/sims_1848828998_pos.npy,validation
917658.0382855021,/sietch_colab/data_share/popgenDL_crashcourse/sims/sims_2973692196_pos.npy,validation
912507.4752663929,/sietch_colab/data_share/popgenDL_crashcourse/sims/sims_2072908974_pos.npy,validation
664818.0585883892,/sietch_colab/data_share/popgenDL_crashcourse/sims/sims_2102620923_pos.npy,validation
659807.4347143425,/sietch_colab/data_share/popgenDL_crashcourse/sims/sims_4155580831_pos.npy,validation
544773.8141025983,/sietch_colab/data_share/popgenDL_crashcourse/sims/sims_2322404059_pos.npy,validation
292812.04922258545,/sietch_colab/data_share/popgenDL_crashcourse/sims/sims_1243370250_pos.npy,validation
621917.0863703137,/sietch_colab/data_share/popgenDL_crashcourse/sims/sims_3157395486_pos.npy,validation
670036.0064220255,/sietch_colab/data_share/popgenDL_crashcourse/sims/sims_234894500_pos.npy,validation
402190.53261096193,/sietch_colab/data_share/popgenDL_crashcourse/sims/sims_2213537124_pos.npy,validation
566132.6179846469,/sietch_colab/data_share/popgenDL_crashcourse/sims/sims_3584969504_pos.npy,validation
862324.5119058304,/sietch_colab/data_share/popgenDL_crashcourse/sims/sims_2056641595_pos.npy,validation
96122.91510428507,/sietch_colab/data_share/popgenDL_crashcourse/sims/sims_2497790260_pos.npy,validation
664363.7611648462,/sietch_colab/data_share/popgenDL_crashcourse/sims/sims_1669498468_pos.npy,validation
745940.6216620152,/sietch_colab/data_share/popgenDL_crashcourse/sims/sims_3093870310_pos.npy,validation
726450.8198351539,/sietch_colab/data_share/popgenDL_crashcourse/sims/sims_2622495279_pos.npy,validation
881408.6693800405,/sietch_colab/data_share/popgenDL_crashcourse/sims/sims_3316730953_pos.npy,validation
786676.8293488967,/sietch_colab/data_share/popgenDL_crashcourse/sims/sims_2676397436_pos.npy,validation
154035.93976324197,/sietch_colab/data_share/popgenDL_crashcourse/sims/sims_544662144_pos.npy,validation
714503.9923819242,/sietch_colab/data_share/popgenDL_crashcourse/sims/sims_2366137823_pos.npy,validation
340224.66295985645,/sietch_colab/data_share/popgenDL_crashcourse/sims/sims_2849155967_pos.npy,validation
620999.3923396404,/sietch_colab/data_share/popgenDL_crashcourse/sims/sims_2616516224_pos.npy,validation
997439.8093646008,/sietch_colab/data_share/popgenDL_crashcourse/sims/sims_960019933_pos.npy,validation
642675.4293381952,/sietch_colab/data_share/popgenDL_crashcourse/sims/sims_436559957_pos.npy,validation
620168.9839305445,/sietch_colab/data_share/popgenDL_crashcourse/sims/sims_2927819679_pos.npy,validation
81116.04118395201,/sietch_colab/data_share/popgenDL_crashcourse/sims/sims_3395397177_pos.npy,validation
251911.15276745663,/sietch_colab/data_share/popgenDL_crashcourse/sims/sims_3132990784_pos.npy,validation
415085.6704812454,/sietch_colab/data_share/popgenDL_crashcourse/sims/sims_2914218161_pos.npy,validation
522348.3717053015,/sietch_colab/data_share/popgenDL_crashcourse/sims/sims_1517684595_pos.npy,validation
674455.0096907613,/sietch_colab/data_share/popgenDL_crashcourse/sims/sims_2758351257_pos.npy,validation
940365.2281140077,/sietch_colab/data_share/popgenDL_crashcourse/sims/sims_4274227123_pos.npy,test
712877.0636433195,/sietch_colab/data_share/popgenDL_crashcourse/sims/sims_234059492_pos.npy,test
64107.90359305182,/sietch_colab/data_share/popgenDL_crashcourse/sims/sims_3345849854_pos.npy,test
209426.07789367312,/sietch_colab/data_share/popgenDL_crashcourse/sims/sims_3533210106_pos.npy,test
681008.1027492217,/sietch_colab/data_share/popgenDL_crashcourse/sims/sims_3194787289_pos.npy,test
853550.3552254857,/sietch_colab/data_share/popgenDL_crashcourse/sims/sims_4147054137_pos.npy,test
649168.5311067614,/sietch_colab/data_share/popgenDL_crashcourse/sims/sims_1811336434_pos.npy,test
530143.2181638968,/sietch_colab/data_share/popgenDL_crashcourse/sims/sims_3029840919_pos.npy,test
355809.0375564105,/sietch_colab/data_share/popgenDL_crashcourse/sims/sims_2611070876_pos.npy,test
86421.52185808062,/sietch_colab/data_share/popgenDL_crashcourse/sims/sims_402348809_pos.npy,test
969250.2126274173,/sietch_colab/data_share/popgenDL_crashcourse/sims/sims_3014985623_pos.npy,test
552935.2420791937,/sietch_colab/data_share/popgenDL_crashcourse/sims/sims_1593895435_pos.npy,test
962416.4663901617,/sietch_colab/data_share/popgenDL_crashcourse/sims/sims_2028815167_pos.npy,test
823015.6894856463,/sietch_colab/data_share/popgenDL_crashcourse/sims/sims_2544979115_pos.npy,test
667382.0232666148,/sietch_colab/data_share/popgenDL_crashcourse/sims/sims_1186022914_pos.npy,test
649561.7210796962,/sietch_colab/data_share/popgenDL_crashcourse/sims/sims_313217799_pos.npy,test
301324.34872226825,/sietch_colab/data_share/popgenDL_crashcourse/sims/sims_3659485536_pos.npy,test
229758.10454866642,/sietch_colab/data_share/popgenDL_crashcourse/sims/sims_3080291602_pos.npy,test
112575.35303195709,/sietch_colab/data_share/popgenDL_crashcourse/sims/sims_188103222_pos.npy,test
759416.7424089777,/sietch_colab/data_share/popgenDL_crashcourse/sims/sims_569081892_pos.npy,test
792196.2113696096,/sietch_colab/data_share/popgenDL_crashcourse/sims/sims_3301022903_pos.npy,test
850582.6336456605,/sietch_colab/data_share/popgenDL_crashcourse/sims/sims_965618634_pos.npy,test
437299.7350939802,/sietch_colab/data_share/popgenDL_crashcourse/sims/sims_1938428374_pos.npy,test
253807.8680156394,/sietch_colab/data_share/popgenDL_crashcourse/sims/sims_3045072954_pos.npy,test
772346.7742628162,/sietch_colab/data_share/popgenDL_crashcourse/sims/sims_712910691_pos.npy,test
208208.79129374088,/sietch_colab/data_share/popgenDL_crashcourse/sims/sims_667047229_pos.npy,test
422262.7658808482,/sietch_colab/data_share/popgenDL_crashcourse/sims/sims_1823681867_pos.npy,test
870658.0415583084,/sietch_colab/data_share/popgenDL_crashcourse/sims/sims_1896308500_pos.npy,test
226269.72671025188,/sietch_colab/data_share/popgenDL_crashcourse/sims/sims_3757686368_pos.npy,test
530344.4961794848,/sietch_colab/data_share/popgenDL_crashcourse/sims/sims_3259316395_pos.npy,test
895294.8693626181,/sietch_colab/data_share/popgenDL_crashcourse/sims/sims_867908358_pos.npy,test
637428.7078369597,/sietch_colab/data_share/popgenDL_crashcourse/sims/sims_883607078_pos.npy,test
513174.95981305034,/sietch_colab/data_share/popgenDL_crashcourse/sims/sims_1671923524_pos.npy,test
244616.84157335287,/sietch_colab/data_share/popgenDL_crashcourse/sims/sims_2429065043_pos.npy,test
355737.5368018259,/sietch_colab/data_share/popgenDL_crashcourse/sims/sims_3190574916_pos.npy,test
443687.92549660016,/sietch_colab/data_share/popgenDL_crashcourse/sims/sims_3652797788_pos.npy,test
469880.6012950897,/sietch_colab/data_share/popgenDL_crashcourse/sims/sims_340509678_pos.npy,test
47771.7340703765,/sietch_colab/data_share/popgenDL_crashcourse/sims/sims_1947565533_pos.npy,test
833739.4153246217,/sietch_colab/data_share/popgenDL_crashcourse/sims/sims_3389865668_pos.npy,test
965846.3116715115,/sietch_colab/data_share/popgenDL_crashcourse/sims/sims_1757341228_pos.npy,test
782904.0407338513,/sietch_colab/data_share/popgenDL_crashcourse/sims/sims_2677746542_pos.npy,test
756853.0944856646,/sietch_colab/data_share/popgenDL_crashcourse/sims/sims_954220716_pos.npy,test
407651.2934216269,/sietch_colab/data_share/popgenDL_crashcourse/sims/sims_3990177558_pos.npy,test
130111.86294182864,/sietch_colab/data_share/popgenDL_crashcourse/sims/sims_4148217980_pos.npy,test
224917.29410265214,/sietch_colab/data_share/popgenDL_crashcourse/sims/sims_1793178454_pos.npy,test
165667.54215066688,/sietch_colab/data_share/popgenDL_crashcourse/sims/sims_657810366_pos.npy,test
320468.45445381466,/sietch_colab/data_share/popgenDL_crashcourse/sims/sims_2880056127_pos.npy,test
458297.1911849169,/sietch_colab/data_share/popgenDL_crashcourse/sims/sims_1135810405_pos.npy,test
216257.43695740768,/sietch_colab/data_share/popgenDL_crashcourse/sims/sims_819164040_pos.npy,test
624792.9271625493,/sietch_colab/data_share/popgenDL_crashcourse/sims/sims_1279338232_pos.npy,test
